Model,Accuracy,AUC,Precision,Recall,F1,MCC
Logistic Regression,0.9155134741442098,0.9423203924713429,0.7035087719298245,0.43211206896551724,0.5353805073431241,0.509530433556507
Decision Tree,0.9196406894877397,0.9356155508514552,0.6754617414248021,0.5517241379310345,0.6073546856465006,0.5666789314679112
KNN,0.9013109978150037,0.8400093312184538,0.6280623608017817,0.30387931034482757,0.4095860566448802,0.391405887316906
Naive Bayes,0.25151735858218016,0.8465577680550969,0.12956152758132955,0.9870689655172413,0.229057264316079,0.13161142418095162
Random Forest,0.9168487496965283,0.9451918427756026,0.6827067669172933,0.4892241379310345,0.5699937225360954,0.534299847436749
XGBoost,0.9183054139354212,0.9512910396716826,0.6587795765877957,0.5700431034482759,0.6112073945696129,0.5676793901520888
